ID,Created,FirstAssigned,Resolved,Support Group,Store,Classification,Assigned To,Priority,Num Assigns,Reopened,Title
IR1,8/8/2016 2:54,8/9/2016 0:12,8/14/2016 22:07,Help Desk,Lamar,Permission Request,Diego,2,3,Yes,R10 lane is frozen. Stuck on loading screen
IR2,2/5/2017 12:57,2/6/2017 6:20,2/14/2017 18:43,Retail Support,Wells Branch,Scale Broken,Frank,3,2,No,cash register not working
IR3,7/4/2016 19:16,7/4/2016 22:27,7/7/2016 20:42,Retail Payments,Lamar,Tax Issue,Kelly,4,4,No,lane is down. The lane won't do the thingerjig
IR4,11/2/2016 7:21,11/2/2016 10:07,11/2/2016 17:03,Retail Payments,Hyde Park,Tax Issue,Joy,2,3,No,apple pay not working
IR5,10/29/2016 10:27,10/29/2016 13:08,10/31/2016 0:26,Help Desk,Downtown,Permission Request,Bob,1,1,No,apple pay register won't accept credit card
IR6,2/27/2017 20:07,2/27/2017 22:41,3/4/2017 2:41,Help Desk,Wells Branch,Email,Diego,2,1,No,lane keeps freezing up when we try to use coupon
IR7,6/29/2016 22:24,7/1/2016 9:51,7/9/2016 21:52,Retail Payments,Downtown,Credit Card Issue,Joy,2,3,No,scale broken
IR8,5/5/2016 1:38,5/5/2016 14:53,5/7/2016 2:04,Retail Support,Lamar,Other,George,1,2,No,"“Dwell on the beauty of life. Watch the stars, and see yourself running with them.” "
IR9,9/14/2016 9:08,9/15/2016 5:43,9/17/2016 12:43,Retail Support,Lamar,Lane Frozen,Hannah,2,4,No,"“You have power over your mind - not outside events. Realize this, and you will find strength.” "
IR10,11/8/2016 3:43,11/8/2016 7:19,11/10/2016 13:53,Retail Payments,Sunset Valley,Tax Issue,Kelly,4,3,No,“The happiness of your life depends upon the quality of your thoughts.” 
IR11,2/2/2017 19:18,2/3/2017 15:18,2/13/2017 8:55,Retail Payments,Sunset Valley,Credit Card Issue,Laura,2,4,No,"“Everything we hear is an opinion, not a fact. Everything we see is a perspective, not the truth.” "
IR12,3/1/2017 20:34,3/2/2017 4:26,3/4/2017 2:02,Retail Support,Downtown,Lane Frozen,George,3,4,No,“Waste no more time arguing about what a good man should be. Be one.” 
IR13,3/27/2017 22:08,3/29/2017 8:44,4/1/2017 5:16,Help Desk,Downtown,Email,Charlie,2,1,No,"“When you arise in the morning think of what a privilege it is to be alive, to think, to enjoy, to love ...” "
IR14,8/20/2016 19:43,8/21/2016 18:37,8/25/2016 1:12,Retail Payments,Downtown,Tax Issue,Laura,2,2,No,"“Accept the things to which fate binds you, and love the people with whom fate brings you together,but do so with all your heart.” "
IR15,2/10/2017 21:27,2/11/2017 12:23,2/13/2017 16:06,Retail Payments,Wells Branch,Credit Card Issue,Laura,2,3,No,"“If you are distressed by anything external, the pain is not due to the thing itself, but to your estimate of it; and this you have the power to revoke at any moment.” "
IR16,2/13/2017 15:00,2/14/2017 2:51,2/19/2017 22:05,Help Desk,Wells Branch,Email,Emily,3,4,Yes,“The best revenge is to be unlike him who performed the injury.” 
IR17,3/27/2017 0:55,3/28/2017 19:39,4/1/2017 9:03,Help Desk,Lamar,Permission Request,Emily,2,1,No,"“It is not death that a man should fear, but he should fear never beginning to live.” "
IR18,3/14/2017 23:35,3/16/2017 4:39,3/17/2017 16:36,Help Desk,Downtown,Email,Diego,3,1,No,“Our life is what our thoughts make it.” 
IR19,7/2/2016 22:09,7/3/2016 7:07,7/3/2016 8:33,Help Desk,Sunset Valley,Permission Request,Diego,3,4,Yes,“The soul becomes dyed with the colour of its thoughts.” 
IR20,10/13/2016 6:53,10/13/2016 18:11,10/14/2016 2:16,Help Desk,Lamar,Permission Request,Adam,3,1,No,"“If someone is able to show me that what I think or do is not right, I will happily change, for I seek the truth, by which no one was ever truly harmed. It is the person who continues in his self-deception and ignorance who is harmed.” "
IR21,6/12/2016 15:41,6/13/2016 5:34,6/18/2016 12:23,Retail Payments,Downtown,Tax Issue,Laura,2,3,No,“If it is not right do not do it; if it is not true do not say it.” 
IR22,3/3/2017 22:47,3/4/2017 2:38,3/5/2017 7:00,Retail Payments,Wells Branch,Tax Issue,Laura,4,1,No,"“Never let the future disturb you. You will meet it, if you have to, with the same weapons of reason which today arm you against the present.” "
IR23,5/17/2016 3:26,5/17/2016 11:43,5/19/2016 19:57,Help Desk,Wells Branch,Permission Request,Bob,2,2,No,“Very little is needed to make a happy life; it is all within yourself in your way of thinking.” 
IR24,12/6/2016 14:07,12/7/2016 1:06,12/9/2016 10:25,Retail Support,Lamar,Other,Irvin,3,2,No,"“The object of life is not to be on the side of the majority, but to escape finding oneself in the ranks of the insane.” "
IR25,1/3/2017 18:26,1/5/2017 7:51,1/6/2017 12:22,Help Desk,Sunset Valley,Desktop Support,Diego,2,1,No,"“I have often wondered how it is that every man loves himself more than all the rest of men, but yet sets less value on his own opinion of himself than on the opinion of others.” "
IR26,2/15/2017 7:07,2/15/2017 8:40,2/17/2017 15:17,Retail Support,Wells Branch,Lane Frozen,Hannah,3,3,No,“Reject your sense of injury and the injury itself disappears.” 
IR27,12/7/2016 17:37,12/7/2016 21:24,12/9/2016 3:19,Retail Support,Sunset Valley,Scale Broken,George,3,1,No,“The best revenge is not to be like your enemy.” 
IR28,9/6/2016 20:46,9/7/2016 7:47,9/7/2016 15:17,Help Desk,Hyde Park,Permission Request,Emily,2,1,No,"“Whenever you are about to find fault with someone, ask yourself the following question: What fault of mine most nearly resembles the one I am about to criticize?” "
IR29,10/12/2016 18:40,10/13/2016 19:58,10/15/2016 20:20,Help Desk,Lamar,Desktop Support,Diego,3,1,No,"“When another blames you or hates you, or people voice similar criticisms, go to their souls, penetrate inside and see what sort of people they are. You will realize that there is no need to be racked with anxiety that they should hold any particular opinion about you.” "
IR30,5/17/2016 23:58,5/18/2016 23:40,5/22/2016 13:46,Retail Support,Lamar,Coupon Not Working,Irvin,1,1,No,“The first rule is to keep an untroubled spirit. The second is to look things in the face and know them for what they are.” 
IR31,9/21/2016 1:38,9/23/2016 0:43,9/26/2016 5:58,Retail Payments,Hyde Park,Credit Card Issue,Joy,3,4,No,“How much more grievous are the consequences of anger than the causes of it.” 
IR32,11/25/2016 0:22,11/25/2016 23:41,12/1/2016 21:50,Retail Support,Hyde Park,Coupon Not Working,Irvin,2,4,No,"“Do not act as if you were going to live ten thousand years. Death hangs over you. While you live, while it is in your power, be good.” "
IR33,7/1/2016 21:30,7/2/2016 9:37,7/9/2016 5:00,Retail Payments,Sunset Valley,Tax Issue,Joy,2,3,No,"“Begin each day by telling yourself: Today I shall be meeting with interference, ingratitude, insolence, disloyalty, ill-will, and selfishness – all of them due to the offenders’ ignorance of what is good or evil.” "
IR34,3/29/2017 13:56,3/30/2017 18:41,3/31/2017 21:44,Help Desk,Hyde Park,Desktop Support,Diego,2,4,No,“Look well into thyself; there is a source of strength which will always spring up if thou wilt always look.” 
IR35,5/14/2016 10:01,5/15/2016 9:52,5/16/2016 8:15,Help Desk,Lamar,Email,Emily,3,4,No,"“Here is a rule to remember in future, when anything tempts you to feel bitter: not ""This is misfortune,"" but ""To bear this worthily is good fortune.” "
IR36,7/5/2016 6:51,7/5/2016 23:05,7/10/2016 15:01,Help Desk,Sunset Valley,Desktop Support,Charlie,3,2,No,"“How much time he gains who does not look to see what his neighbour says or does or thinks, but only at what he does himself, to make it just and holy.” "
IR37,1/20/2017 18:51,1/22/2017 2:28,1/24/2017 21:07,Retail Support,Lamar,Other,George,4,2,No,"“You are a little soul carrying about a corpse, as Epictetus used to say.” "
IR38,3/29/2017 5:07,3/30/2017 6:55,3/31/2017 21:46,Retail Payments,Downtown,Tax Issue,Laura,2,2,No,R10 lane is frozen. Stuck on loading screen
IR39,10/31/2016 17:22,11/1/2016 5:11,11/7/2016 16:47,Retail Payments,Lamar,Tax Issue,Joy,3,1,No,cash register not working
IR40,3/17/2017 3:31,3/18/2017 15:43,3/26/2017 6:33,Retail Payments,Downtown,Tax Issue,Joy,2,2,No,lane is down. The lane won't do the thingerjig
IR41,8/22/2016 10:57,8/24/2016 1:59,8/27/2016 1:45,Help Desk,Downtown,Desktop Support,Diego,2,1,No,apple pay not working
IR42,3/27/2017 13:51,3/28/2017 1:10,3/29/2017 0:58,Retail Support,Sunset Valley,Lane Frozen,Frank,3,3,No,apple pay register won't accept credit card
IR43,1/22/2017 16:27,1/23/2017 4:48,1/29/2017 9:59,Retail Payments,Wells Branch,Tax Issue,Joy,3,4,No,lane keeps freezing up when we try to use coupon
IR44,2/7/2017 3:43,2/7/2017 8:39,2/9/2017 16:04,Retail Payments,Sunset Valley,Credit Card Issue,Kelly,2,4,No,scale broken
IR45,11/7/2016 5:10,11/9/2016 1:20,11/15/2016 0:26,Retail Support,Wells Branch,Scale Broken,George,4,1,No,"“Dwell on the beauty of life. Watch the stars, and see yourself running with them.” "
IR46,1/9/2017 2:29,1/9/2017 3:28,1/12/2017 19:46,Help Desk,Hyde Park,Permission Request,Charlie,3,2,No,"“You have power over your mind - not outside events. Realize this, and you will find strength.” "
IR47,10/30/2016 5:04,10/30/2016 22:02,11/5/2016 11:15,Retail Support,Lamar,Other,George,2,3,No,“The happiness of your life depends upon the quality of your thoughts.” 
IR48,8/24/2016 18:26,8/25/2016 8:41,8/28/2016 18:45,Retail Support,Sunset Valley,Lane Frozen,Frank,2,4,No,"“Everything we hear is an opinion, not a fact. Everything we see is a perspective, not the truth.” "
IR49,11/2/2016 3:21,11/2/2016 15:52,11/5/2016 10:33,Retail Payments,Downtown,Tax Issue,Laura,1,1,No,“Waste no more time arguing about what a good man should be. Be one.” 
IR50,2/8/2017 6:26,2/10/2017 2:20,2/15/2017 0:14,Help Desk,Wells Branch,Permission Request,Adam,2,1,No,"“When you arise in the morning think of what a privilege it is to be alive, to think, to enjoy, to love ...” "
IR51,3/4/2017 8:52,3/5/2017 5:53,3/7/2017 0:14,Retail Support,Sunset Valley,Scale Broken,Hannah,3,3,No,"“Accept the things to which fate binds you, and love the people with whom fate brings you together,but do so with all your heart.” "
IR52,12/3/2016 0:18,12/3/2016 8:07,12/4/2016 3:09,Help Desk,Lamar,Email,Charlie,2,4,Yes,"“If you are distressed by anything external, the pain is not due to the thing itself, but to your estimate of it; and this you have the power to revoke at any moment.” "
IR53,10/22/2016 15:57,10/22/2016 23:17,10/30/2016 7:25,Help Desk,Wells Branch,Desktop Support,Diego,3,1,No,“The best revenge is to be unlike him who performed the injury.” 
IR54,7/5/2016 17:48,7/7/2016 7:07,7/13/2016 2:54,Help Desk,Hyde Park,Desktop Support,Adam,1,4,No,"“It is not death that a man should fear, but he should fear never beginning to live.” "
IR55,10/6/2016 21:47,10/8/2016 13:54,10/14/2016 2:59,Retail Payments,Wells Branch,Credit Card Issue,Laura,1,1,Yes,“Our life is what our thoughts make it.” 
IR56,10/5/2016 23:33,10/6/2016 9:21,10/6/2016 13:05,Help Desk,Hyde Park,Desktop Support,Emily,3,3,No,“The soul becomes dyed with the colour of its thoughts.” 
IR57,11/22/2016 15:29,11/23/2016 8:25,11/24/2016 15:47,Retail Support,Downtown,Lane Frozen,George,2,2,No,"“If someone is able to show me that what I think or do is not right, I will happily change, for I seek the truth, by which no one was ever truly harmed. It is the person who continues in his self-deception and ignorance who is harmed.” "
IR58,6/2/2016 12:49,6/3/2016 19:18,6/5/2016 14:48,Help Desk,Hyde Park,Desktop Support,Charlie,3,4,No,“If it is not right do not do it; if it is not true do not say it.” 
IR59,5/29/2016 7:36,5/29/2016 14:05,6/3/2016 16:39,Help Desk,Lamar,Desktop Support,Bob,3,4,No,"“Never let the future disturb you. You will meet it, if you have to, with the same weapons of reason which today arm you against the present.” "
IR60,5/20/2016 2:15,5/20/2016 19:57,5/26/2016 10:09,Retail Payments,Hyde Park,Tax Issue,Kelly,2,2,No,“Very little is needed to make a happy life; it is all within yourself in your way of thinking.” 
IR61,6/13/2016 17:07,6/15/2016 11:44,6/20/2016 3:38,Retail Payments,Lamar,Tax Issue,Laura,3,3,No,"“The object of life is not to be on the side of the majority, but to escape finding oneself in the ranks of the insane.” "
IR62,8/16/2016 15:45,8/16/2016 21:28,8/19/2016 0:28,Help Desk,Hyde Park,Permission Request,Diego,2,1,No,"“I have often wondered how it is that every man loves himself more than all the rest of men, but yet sets less value on his own opinion of himself than on the opinion of others.” "
IR63,1/14/2017 11:29,1/16/2017 6:10,1/17/2017 6:00,Help Desk,Wells Branch,Permission Request,Bob,4,2,No,“Reject your sense of injury and the injury itself disappears.” 
IR64,7/23/2016 14:51,7/25/2016 9:53,7/26/2016 12:01,Retail Support,Hyde Park,Other,Hannah,3,4,No,“The best revenge is not to be like your enemy.” 
IR65,3/31/2017 18:26,4/1/2017 15:40,4/2/2017 17:06,Help Desk,Sunset Valley,Permission Request,Bob,3,2,No,"“Whenever you are about to find fault with someone, ask yourself the following question: What fault of mine most nearly resembles the one I am about to criticize?” "
IR66,7/14/2016 8:30,7/14/2016 17:17,7/16/2016 16:01,Retail Support,Wells Branch,Coupon Not Working,Frank,1,1,No,"“When another blames you or hates you, or people voice similar criticisms, go to their souls, penetrate inside and see what sort of people they are. You will realize that there is no need to be racked with anxiety that they should hold any particular opinion about you.” "
IR67,6/11/2016 5:49,6/12/2016 4:07,6/20/2016 15:07,Retail Support,Downtown,Other,Frank,4,3,No,“The first rule is to keep an untroubled spirit. The second is to look things in the face and know them for what they are.” 
IR68,2/9/2017 4:45,2/10/2017 9:27,2/13/2017 23:39,Retail Payments,Wells Branch,Credit Card Issue,Kelly,4,2,No,“How much more grievous are the consequences of anger than the causes of it.” 
IR69,2/11/2017 4:12,2/13/2017 1:03,2/18/2017 3:56,Retail Payments,Wells Branch,Tax Issue,Laura,2,4,No,"“Do not act as if you were going to live ten thousand years. Death hangs over you. While you live, while it is in your power, be good.” "
IR70,10/18/2016 21:03,10/20/2016 12:46,10/25/2016 5:21,Help Desk,Downtown,Desktop Support,Diego,2,1,No,"“Begin each day by telling yourself: Today I shall be meeting with interference, ingratitude, insolence, disloyalty, ill-will, and selfishness – all of them due to the offenders’ ignorance of what is good or evil.” "
IR71,5/21/2016 4:02,5/22/2016 0:46,5/23/2016 16:44,Retail Payments,Wells Branch,Tax Issue,Joy,3,2,No,“Look well into thyself; there is a source of strength which will always spring up if thou wilt always look.” 
IR72,1/19/2017 2:20,1/20/2017 19:52,1/20/2017 20:24,Help Desk,Sunset Valley,Desktop Support,Diego,2,3,Yes,"“Here is a rule to remember in future, when anything tempts you to feel bitter: not ""This is misfortune,"" but ""To bear this worthily is good fortune.” "
IR73,2/25/2017 11:36,2/26/2017 4:29,2/26/2017 14:40,Retail Support,Downtown,Scale Broken,Hannah,2,2,No,"“How much time he gains who does not look to see what his neighbour says or does or thinks, but only at what he does himself, to make it just and holy.” "
IR74,11/2/2016 20:19,11/3/2016 14:02,11/4/2016 8:19,Help Desk,Lamar,Permission Request,Bob,3,4,No,"“You are a little soul carrying about a corpse, as Epictetus used to say.” "
IR75,12/15/2016 3:22,12/16/2016 18:33,12/20/2016 10:41,Help Desk,Downtown,Permission Request,Emily,2,1,Yes,R10 lane is frozen. Stuck on loading screen
IR76,9/16/2016 9:18,9/16/2016 10:59,9/18/2016 20:43,Retail Payments,Downtown,Credit Card Issue,Kelly,3,2,No,cash register not working
IR77,1/11/2017 11:50,1/12/2017 5:43,1/12/2017 7:09,Retail Support,Lamar,Lane Frozen,George,2,3,No,lane is down. The lane won't do the thingerjig
IR78,12/11/2016 7:21,12/12/2016 6:59,12/12/2016 11:48,Retail Support,Wells Branch,Scale Broken,Hannah,2,3,No,apple pay not working
IR79,6/22/2016 17:57,6/24/2016 8:42,6/30/2016 19:00,Retail Support,Hyde Park,Scale Broken,George,2,2,No,apple pay register won't accept credit card
IR80,7/8/2016 17:14,7/10/2016 1:06,7/15/2016 5:38,Retail Support,Wells Branch,Lane Frozen,George,2,1,No,lane keeps freezing up when we try to use coupon
IR81,8/5/2016 21:19,8/6/2016 12:10,8/7/2016 9:01,Help Desk,Downtown,Permission Request,Charlie,2,4,No,scale broken
IR82,7/28/2016 0:30,7/29/2016 17:40,8/5/2016 7:28,Help Desk,Lamar,Desktop Support,Diego,2,4,No,"“Dwell on the beauty of life. Watch the stars, and see yourself running with them.” "
IR83,3/28/2017 0:39,3/28/2017 6:54,4/1/2017 0:42,Retail Support,Hyde Park,Lane Frozen,Frank,4,1,No,"“You have power over your mind - not outside events. Realize this, and you will find strength.” "
IR84,9/10/2016 22:19,9/11/2016 20:57,9/12/2016 13:01,Retail Payments,Lamar,Credit Card Issue,Joy,2,1,No,“The happiness of your life depends upon the quality of your thoughts.” 
IR85,7/5/2016 18:55,7/6/2016 12:40,7/7/2016 6:54,Retail Support,Lamar,Lane Frozen,Irvin,3,2,No,"“Everything we hear is an opinion, not a fact. Everything we see is a perspective, not the truth.” "
IR86,1/9/2017 22:39,1/10/2017 20:39,1/10/2017 23:33,Retail Payments,Wells Branch,Credit Card Issue,Joy,4,1,No,“Waste no more time arguing about what a good man should be. Be one.” 
IR87,11/4/2016 3:25,11/5/2016 21:16,11/8/2016 6:30,Retail Support,Hyde Park,Coupon Not Working,Frank,2,1,No,"“When you arise in the morning think of what a privilege it is to be alive, to think, to enjoy, to love ...” "
IR88,12/4/2016 12:55,12/6/2016 0:01,12/9/2016 20:59,Help Desk,Downtown,Desktop Support,Bob,2,3,Yes,"“Accept the things to which fate binds you, and love the people with whom fate brings you together,but do so with all your heart.” "
IR89,9/28/2016 18:55,9/28/2016 19:28,10/5/2016 23:02,Help Desk,Hyde Park,Email,Diego,3,3,No,"“If you are distressed by anything external, the pain is not due to the thing itself, but to your estimate of it; and this you have the power to revoke at any moment.” "
IR90,2/25/2017 2:41,2/26/2017 1:34,3/2/2017 11:20,Help Desk,Lamar,Permission Request,Diego,3,3,Yes,“The best revenge is to be unlike him who performed the injury.” 
IR91,6/18/2016 7:23,6/19/2016 7:18,6/20/2016 19:30,Retail Support,Sunset Valley,Scale Broken,Irvin,1,4,No,"“It is not death that a man should fear, but he should fear never beginning to live.” "
IR92,1/5/2017 1:13,1/6/2017 2:37,1/10/2017 14:25,Retail Support,Hyde Park,Other,George,2,3,No,“Our life is what our thoughts make it.” 
IR93,9/29/2016 21:34,9/30/2016 2:35,10/4/2016 18:29,Retail Support,Hyde Park,Scale Broken,George,2,2,No,“The soul becomes dyed with the colour of its thoughts.” 
IR94,5/14/2016 8:44,5/14/2016 20:30,5/16/2016 2:17,Retail Payments,Wells Branch,Tax Issue,Kelly,2,2,No,"“If someone is able to show me that what I think or do is not right, I will happily change, for I seek the truth, by which no one was ever truly harmed. It is the person who continues in his self-deception and ignorance who is harmed.” "
IR95,12/14/2016 11:52,12/14/2016 17:30,12/20/2016 4:45,Retail Support,Wells Branch,Scale Broken,Irvin,2,3,No,“If it is not right do not do it; if it is not true do not say it.” 
IR96,8/18/2016 14:09,8/19/2016 4:32,8/20/2016 1:50,Retail Support,Wells Branch,Scale Broken,Frank,2,4,No,"“Never let the future disturb you. You will meet it, if you have to, with the same weapons of reason which today arm you against the present.” "
IR97,9/3/2016 12:50,9/3/2016 20:05,9/7/2016 8:02,Retail Payments,Lamar,Tax Issue,Joy,1,1,No,“Very little is needed to make a happy life; it is all within yourself in your way of thinking.” 
IR98,11/7/2016 22:03,11/8/2016 4:35,11/12/2016 19:47,Help Desk,Wells Branch,Permission Request,Bob,3,2,Yes,"“The object of life is not to be on the side of the majority, but to escape finding oneself in the ranks of the insane.” "
IR99,5/24/2016 6:31,5/24/2016 11:24,5/26/2016 11:13,Retail Payments,Downtown,Tax Issue,Laura,2,1,No,"“I have often wondered how it is that every man loves himself more than all the rest of men, but yet sets less value on his own opinion of himself than on the opinion of others.” "
IR100,5/2/2016 20:31,5/3/2016 2:12,5/7/2016 13:54,Help Desk,Hyde Park,Desktop Support,Charlie,2,3,No,“Reject your sense of injury and the injury itself disappears.” 
IR101,1/26/2017 6:29,1/27/2017 5:18,1/27/2017 5:34,Retail Payments,Wells Branch,Tax Issue,Laura,3,1,Yes,“The best revenge is not to be like your enemy.” 
IR102,12/13/2016 0:53,12/13/2016 11:41,12/15/2016 4:19,Help Desk,Hyde Park,Email,Diego,2,2,No,"“Whenever you are about to find fault with someone, ask yourself the following question: What fault of mine most nearly resembles the one I am about to criticize?” "
IR103,11/21/2016 9:37,11/21/2016 10:22,11/22/2016 12:21,Help Desk,Hyde Park,Email,Emily,3,3,No,"“When another blames you or hates you, or people voice similar criticisms, go to their souls, penetrate inside and see what sort of people they are. You will realize that there is no need to be racked with anxiety that they should hold any particular opinion about you.” "
IR104,1/6/2017 19:12,1/7/2017 16:44,1/8/2017 13:55,Retail Payments,Downtown,Tax Issue,Laura,2,4,No,“The first rule is to keep an untroubled spirit. The second is to look things in the face and know them for what they are.” 
IR105,9/3/2016 2:06,9/3/2016 8:23,9/5/2016 14:08,Help Desk,Sunset Valley,Permission Request,Bob,3,2,No,“How much more grievous are the consequences of anger than the causes of it.” 
IR106,7/3/2016 11:44,7/3/2016 20:08,7/4/2016 7:35,Retail Payments,Wells Branch,Tax Issue,Kelly,3,2,No,"“Do not act as if you were going to live ten thousand years. Death hangs over you. While you live, while it is in your power, be good.” "
IR107,1/10/2017 12:04,1/12/2017 10:03,1/19/2017 3:22,Retail Support,Sunset Valley,Other,Irvin,3,3,No,"“Begin each day by telling yourself: Today I shall be meeting with interference, ingratitude, insolence, disloyalty, ill-will, and selfishness – all of them due to the offenders’ ignorance of what is good or evil.” "
IR108,7/10/2016 10:44,7/11/2016 20:50,7/13/2016 19:37,Retail Support,Lamar,Other,Hannah,2,3,No,“Look well into thyself; there is a source of strength which will always spring up if thou wilt always look.” 
IR109,12/7/2016 23:13,12/8/2016 13:51,12/8/2016 19:41,Retail Support,Lamar,Other,Frank,3,4,No,"“Here is a rule to remember in future, when anything tempts you to feel bitter: not ""This is misfortune,"" but ""To bear this worthily is good fortune.” "
IR110,10/28/2016 1:26,10/29/2016 16:28,11/2/2016 22:49,Help Desk,Downtown,Desktop Support,Bob,2,4,Yes,"“How much time he gains who does not look to see what his neighbour says or does or thinks, but only at what he does himself, to make it just and holy.” "
IR111,12/14/2016 14:46,12/14/2016 23:04,12/15/2016 10:44,Retail Payments,Downtown,Tax Issue,Kelly,2,3,No,"“You are a little soul carrying about a corpse, as Epictetus used to say.” "
IR112,9/13/2016 6:55,9/13/2016 11:54,9/15/2016 18:48,Retail Payments,Hyde Park,Credit Card Issue,Joy,4,2,No,R10 lane is frozen. Stuck on loading screen
IR113,6/20/2016 23:55,6/21/2016 8:42,6/21/2016 9:17,Help Desk,Hyde Park,Permission Request,Bob,4,2,No,cash register not working
IR114,2/6/2017 14:19,2/7/2017 12:05,2/12/2017 11:04,Help Desk,Downtown,Desktop Support,Adam,2,3,No,lane is down. The lane won't do the thingerjig
IR115,2/21/2017 16:34,2/21/2017 18:57,2/26/2017 10:02,Retail Payments,Wells Branch,Tax Issue,Laura,3,3,No,apple pay not working
IR116,1/14/2017 16:48,1/15/2017 10:40,1/17/2017 3:19,Retail Payments,Lamar,Tax Issue,Laura,2,1,No,apple pay register won't accept credit card
IR117,1/12/2017 21:47,1/13/2017 12:50,1/17/2017 11:31,Retail Payments,Wells Branch,Tax Issue,Kelly,3,4,No,lane keeps freezing up when we try to use coupon
IR118,6/13/2016 7:55,6/13/2016 9:24,6/19/2016 0:07,Retail Payments,Downtown,Tax Issue,Laura,3,1,No,scale broken
IR119,9/28/2016 22:54,9/29/2016 1:54,10/6/2016 6:44,Retail Payments,Hyde Park,Credit Card Issue,Laura,3,3,No,"“Dwell on the beauty of life. Watch the stars, and see yourself running with them.” "
IR120,9/2/2016 11:41,9/3/2016 0:58,9/6/2016 10:05,Retail Payments,Hyde Park,Tax Issue,Joy,2,1,No,"“You have power over your mind - not outside events. Realize this, and you will find strength.” "
IR121,6/24/2016 3:16,6/24/2016 14:01,7/1/2016 9:44,Retail Payments,Wells Branch,Tax Issue,Laura,3,2,No,“The happiness of your life depends upon the quality of your thoughts.” 
IR122,9/5/2016 18:29,9/7/2016 16:48,9/9/2016 23:58,Retail Payments,Downtown,Tax Issue,Joy,2,2,No,"“Everything we hear is an opinion, not a fact. Everything we see is a perspective, not the truth.” "
IR123,11/29/2016 13:53,11/29/2016 19:34,12/2/2016 16:59,Retail Payments,Downtown,Credit Card Issue,Laura,2,4,No,“Waste no more time arguing about what a good man should be. Be one.” 
IR124,9/6/2016 1:00,9/6/2016 12:24,9/8/2016 17:55,Help Desk,Wells Branch,Permission Request,Charlie,3,2,No,"“When you arise in the morning think of what a privilege it is to be alive, to think, to enjoy, to love ...” "
IR125,5/7/2016 8:26,5/7/2016 9:24,5/11/2016 15:59,Help Desk,Hyde Park,Permission Request,Diego,2,1,No,"“Accept the things to which fate binds you, and love the people with whom fate brings you together,but do so with all your heart.” "
IR126,12/24/2016 19:49,12/26/2016 19:08,12/27/2016 7:08,Help Desk,Hyde Park,Email,Emily,4,2,No,"“If you are distressed by anything external, the pain is not due to the thing itself, but to your estimate of it; and this you have the power to revoke at any moment.” "
IR127,11/16/2016 12:49,11/18/2016 12:11,11/25/2016 1:50,Retail Payments,Wells Branch,Credit Card Issue,Kelly,3,3,No,“The best revenge is to be unlike him who performed the injury.” 
IR128,8/8/2016 8:05,8/8/2016 20:22,8/10/2016 21:59,Retail Support,Wells Branch,Lane Frozen,Frank,3,2,No,"“It is not death that a man should fear, but he should fear never beginning to live.” "
IR129,8/14/2016 8:17,8/14/2016 15:14,8/16/2016 17:11,Retail Payments,Sunset Valley,Credit Card Issue,Kelly,4,1,No,“Our life is what our thoughts make it.” 
IR130,12/5/2016 12:52,12/6/2016 10:36,12/8/2016 9:24,Retail Support,Lamar,Scale Broken,George,3,4,No,“The soul becomes dyed with the colour of its thoughts.” 
IR131,10/12/2016 21:01,10/14/2016 3:53,10/15/2016 6:37,Help Desk,Hyde Park,Permission Request,Charlie,4,1,No,"“If someone is able to show me that what I think or do is not right, I will happily change, for I seek the truth, by which no one was ever truly harmed. It is the person who continues in his self-deception and ignorance who is harmed.” "
IR132,2/3/2017 5:39,2/5/2017 4:30,2/5/2017 6:26,Help Desk,Lamar,Email,Bob,2,4,No,“If it is not right do not do it; if it is not true do not say it.” 
IR133,10/4/2016 13:34,10/5/2016 18:30,10/12/2016 18:43,Help Desk,Wells Branch,Desktop Support,Diego,2,4,No,"“Never let the future disturb you. You will meet it, if you have to, with the same weapons of reason which today arm you against the present.” "
IR134,11/12/2016 5:21,11/12/2016 9:28,11/18/2016 9:29,Retail Payments,Lamar,Credit Card Issue,Joy,2,3,Yes,“Very little is needed to make a happy life; it is all within yourself in your way of thinking.” 
IR135,8/16/2016 19:57,8/17/2016 5:06,8/18/2016 1:32,Retail Payments,Sunset Valley,Tax Issue,Laura,3,1,No,"“The object of life is not to be on the side of the majority, but to escape finding oneself in the ranks of the insane.” "
IR136,7/18/2016 7:07,7/19/2016 11:54,7/28/2016 3:56,Retail Support,Wells Branch,Scale Broken,Frank,2,3,No,"“I have often wondered how it is that every man loves himself more than all the rest of men, but yet sets less value on his own opinion of himself than on the opinion of others.” "
IR137,10/11/2016 4:02,10/12/2016 3:40,10/15/2016 1:05,Retail Payments,Lamar,Credit Card Issue,Laura,2,1,No,“Reject your sense of injury and the injury itself disappears.” 
IR138,2/18/2017 7:25,2/19/2017 5:41,2/19/2017 10:58,Retail Payments,Hyde Park,Tax Issue,Joy,2,4,No,“The best revenge is not to be like your enemy.” 
IR139,11/14/2016 16:28,11/15/2016 9:17,11/20/2016 11:41,Help Desk,Wells Branch,Permission Request,Emily,3,2,Yes,"“Whenever you are about to find fault with someone, ask yourself the following question: What fault of mine most nearly resembles the one I am about to criticize?” "
IR140,2/6/2017 15:45,2/7/2017 13:21,2/8/2017 22:59,Retail Support,Lamar,Coupon Not Working,Hannah,2,4,Yes,"“When another blames you or hates you, or people voice similar criticisms, go to their souls, penetrate inside and see what sort of people they are. You will realize that there is no need to be racked with anxiety that they should hold any particular opinion about you.” "
IR141,9/18/2016 16:16,9/19/2016 23:32,9/27/2016 14:28,Help Desk,Wells Branch,Desktop Support,Charlie,1,2,No,“The first rule is to keep an untroubled spirit. The second is to look things in the face and know them for what they are.” 
IR142,9/1/2016 11:26,9/1/2016 22:08,9/3/2016 14:12,Help Desk,Lamar,Desktop Support,Bob,1,1,No,“How much more grievous are the consequences of anger than the causes of it.” 
IR143,1/18/2017 17:56,1/19/2017 13:16,1/24/2017 3:20,Help Desk,Hyde Park,Desktop Support,Diego,2,4,No,"“Do not act as if you were going to live ten thousand years. Death hangs over you. While you live, while it is in your power, be good.” "
IR144,10/16/2016 0:56,10/16/2016 20:02,10/17/2016 12:55,Retail Support,Sunset Valley,Other,Irvin,2,3,No,"“Begin each day by telling yourself: Today I shall be meeting with interference, ingratitude, insolence, disloyalty, ill-will, and selfishness – all of them due to the offenders’ ignorance of what is good or evil.” "
IR145,11/13/2016 12:35,11/14/2016 7:21,11/18/2016 13:54,Help Desk,Lamar,Desktop Support,Diego,1,2,Yes,“Look well into thyself; there is a source of strength which will always spring up if thou wilt always look.” 
IR146,10/8/2016 8:08,10/8/2016 18:40,10/9/2016 7:39,Help Desk,Wells Branch,Email,Charlie,3,1,No,"“Here is a rule to remember in future, when anything tempts you to feel bitter: not ""This is misfortune,"" but ""To bear this worthily is good fortune.” "
IR147,11/25/2016 1:12,11/26/2016 22:53,11/29/2016 19:49,Help Desk,Sunset Valley,Desktop Support,Adam,1,2,Yes,"“How much time he gains who does not look to see what his neighbour says or does or thinks, but only at what he does himself, to make it just and holy.” "
IR148,1/12/2017 4:00,1/12/2017 23:12,1/14/2017 10:57,Retail Support,Sunset Valley,Coupon Not Working,Hannah,1,2,No,"“You are a little soul carrying about a corpse, as Epictetus used to say.” "
IR149,7/3/2016 13:28,7/3/2016 16:36,7/9/2016 19:54,Retail Support,Lamar,Scale Broken,George,2,1,No,R10 lane is frozen. Stuck on loading screen
IR150,8/14/2016 14:38,8/16/2016 11:28,8/17/2016 16:06,Help Desk,Hyde Park,Desktop Support,Emily,1,1,No,cash register not working
IR151,11/25/2016 21:34,11/25/2016 22:58,11/27/2016 2:07,Help Desk,Lamar,Desktop Support,Adam,3,2,No,lane is down. The lane won't do the thingerjig
IR152,10/10/2016 17:25,10/10/2016 21:07,10/11/2016 0:56,Retail Support,Hyde Park,Lane Frozen,Hannah,1,1,Yes,apple pay not working
IR153,10/28/2016 8:38,10/29/2016 5:54,10/31/2016 17:15,Help Desk,Sunset Valley,Email,Charlie,1,4,No,apple pay register won't accept credit card
IR154,3/9/2017 23:03,3/10/2017 4:51,3/17/2017 4:12,Help Desk,Sunset Valley,Permission Request,Charlie,3,2,No,lane keeps freezing up when we try to use coupon
IR155,2/18/2017 20:56,2/19/2017 19:54,2/20/2017 20:38,Retail Payments,Lamar,Credit Card Issue,Laura,4,2,No,scale broken
IR156,8/26/2016 21:26,8/27/2016 15:56,9/2/2016 19:29,Help Desk,Hyde Park,Email,Adam,1,2,No,"“Dwell on the beauty of life. Watch the stars, and see yourself running with them.” "
IR157,3/9/2017 5:52,3/10/2017 4:16,3/15/2017 0:56,Retail Payments,Lamar,Tax Issue,Joy,3,2,No,"“You have power over your mind - not outside events. Realize this, and you will find strength.” "
IR158,6/2/2016 11:44,6/3/2016 7:38,6/3/2016 13:43,Retail Support,Lamar,Coupon Not Working,Frank,2,3,No,“The happiness of your life depends upon the quality of your thoughts.” 
IR159,6/9/2016 6:40,6/10/2016 6:16,6/18/2016 3:01,Help Desk,Downtown,Permission Request,Diego,4,2,No,"“Everything we hear is an opinion, not a fact. Everything we see is a perspective, not the truth.” "
IR160,2/22/2017 0:52,2/22/2017 3:11,3/1/2017 18:17,Retail Support,Hyde Park,Coupon Not Working,Hannah,2,3,Yes,“Waste no more time arguing about what a good man should be. Be one.” 
IR161,5/15/2016 15:08,5/16/2016 11:36,5/17/2016 12:57,Retail Payments,Wells Branch,Tax Issue,Kelly,2,1,No,"“When you arise in the morning think of what a privilege it is to be alive, to think, to enjoy, to love ...” "
IR162,5/21/2016 13:51,5/21/2016 17:21,5/23/2016 7:09,Retail Support,Hyde Park,Other,Frank,2,4,Yes,"“Accept the things to which fate binds you, and love the people with whom fate brings you together,but do so with all your heart.” "
IR163,1/20/2017 4:01,1/21/2017 0:08,1/22/2017 21:16,Retail Payments,Sunset Valley,Credit Card Issue,Kelly,2,3,No,"“If you are distressed by anything external, the pain is not due to the thing itself, but to your estimate of it; and this you have the power to revoke at any moment.” "
IR164,12/30/2016 15:28,12/31/2016 8:08,1/1/2017 2:47,Help Desk,Sunset Valley,Email,Emily,1,2,No,“The best revenge is to be unlike him who performed the injury.” 
IR165,9/24/2016 14:58,9/25/2016 13:53,9/27/2016 5:35,Retail Payments,Wells Branch,Tax Issue,Kelly,3,3,No,"“It is not death that a man should fear, but he should fear never beginning to live.” "
IR166,2/13/2017 14:45,2/14/2017 13:39,2/18/2017 23:43,Help Desk,Sunset Valley,Permission Request,Charlie,1,1,No,“Our life is what our thoughts make it.” 
IR167,2/19/2017 9:02,2/20/2017 7:44,2/28/2017 16:47,Retail Support,Lamar,Scale Broken,Irvin,2,1,No,“The soul becomes dyed with the colour of its thoughts.” 
IR168,1/17/2017 8:25,1/19/2017 6:05,1/20/2017 18:11,Retail Support,Sunset Valley,Other,Irvin,1,3,No,"“If someone is able to show me that what I think or do is not right, I will happily change, for I seek the truth, by which no one was ever truly harmed. It is the person who continues in his self-deception and ignorance who is harmed.” "
IR169,10/19/2016 19:11,10/21/2016 5:07,10/21/2016 17:55,Retail Support,Wells Branch,Lane Frozen,Hannah,2,3,No,“If it is not right do not do it; if it is not true do not say it.” 
IR170,11/24/2016 11:51,11/25/2016 0:32,11/26/2016 18:03,Retail Support,Sunset Valley,Coupon Not Working,Hannah,4,1,No,"“Never let the future disturb you. You will meet it, if you have to, with the same weapons of reason which today arm you against the present.” "
IR171,2/11/2017 12:28,2/12/2017 8:21,2/14/2017 12:34,Help Desk,Downtown,Email,Emily,4,3,No,“Very little is needed to make a happy life; it is all within yourself in your way of thinking.” 
IR172,7/27/2016 6:09,7/28/2016 6:02,7/30/2016 23:57,Help Desk,Hyde Park,Email,Emily,2,2,No,"“The object of life is not to be on the side of the majority, but to escape finding oneself in the ranks of the insane.” "
IR173,10/24/2016 21:31,10/26/2016 6:39,10/28/2016 23:16,Retail Payments,Hyde Park,Credit Card Issue,Kelly,3,1,No,"“I have often wondered how it is that every man loves himself more than all the rest of men, but yet sets less value on his own opinion of himself than on the opinion of others.” "
IR174,11/3/2016 4:48,11/4/2016 12:19,11/7/2016 9:50,Help Desk,Hyde Park,Permission Request,Bob,1,1,Yes,“Reject your sense of injury and the injury itself disappears.” 
IR175,12/19/2016 3:02,12/19/2016 3:40,12/20/2016 23:51,Help Desk,Hyde Park,Email,Emily,2,3,No,“The best revenge is not to be like your enemy.” 
IR176,5/27/2016 5:58,5/29/2016 4:55,5/29/2016 8:34,Retail Payments,Lamar,Credit Card Issue,Joy,2,2,No,"“Whenever you are about to find fault with someone, ask yourself the following question: What fault of mine most nearly resembles the one I am about to criticize?” "
IR177,5/11/2016 6:32,5/12/2016 20:48,5/21/2016 18:51,Help Desk,Wells Branch,Email,Bob,2,3,Yes,"“When another blames you or hates you, or people voice similar criticisms, go to their souls, penetrate inside and see what sort of people they are. You will realize that there is no need to be racked with anxiety that they should hold any particular opinion about you.” "
IR178,5/4/2016 21:37,5/6/2016 7:04,5/10/2016 6:54,Help Desk,Lamar,Email,Emily,2,1,No,“The first rule is to keep an untroubled spirit. The second is to look things in the face and know them for what they are.” 
IR179,5/27/2016 19:26,5/27/2016 22:03,5/28/2016 18:55,Retail Payments,Hyde Park,Credit Card Issue,Kelly,2,2,No,“How much more grievous are the consequences of anger than the causes of it.” 
IR180,7/16/2016 2:28,7/16/2016 5:44,7/19/2016 22:47,Help Desk,Sunset Valley,Permission Request,Bob,1,3,Yes,"“Do not act as if you were going to live ten thousand years. Death hangs over you. While you live, while it is in your power, be good.” "
IR181,8/23/2016 11:30,8/24/2016 4:27,8/31/2016 2:41,Retail Payments,Sunset Valley,Tax Issue,Laura,2,2,No,"“Begin each day by telling yourself: Today I shall be meeting with interference, ingratitude, insolence, disloyalty, ill-will, and selfishness – all of them due to the offenders’ ignorance of what is good or evil.” "
IR182,6/28/2016 2:10,6/28/2016 3:48,6/29/2016 23:06,Retail Payments,Lamar,Tax Issue,Kelly,1,4,Yes,“Look well into thyself; there is a source of strength which will always spring up if thou wilt always look.” 
IR183,8/25/2016 7:30,8/26/2016 23:14,8/29/2016 6:16,Retail Payments,Sunset Valley,Tax Issue,Kelly,2,2,No,"“Here is a rule to remember in future, when anything tempts you to feel bitter: not ""This is misfortune,"" but ""To bear this worthily is good fortune.” "
IR184,7/29/2016 8:55,7/29/2016 11:17,8/7/2016 13:49,Retail Payments,Downtown,Tax Issue,Kelly,2,3,No,"“How much time he gains who does not look to see what his neighbour says or does or thinks, but only at what he does himself, to make it just and holy.” "
IR185,1/22/2017 12:36,1/22/2017 22:44,1/23/2017 18:08,Retail Support,Lamar,Lane Frozen,Irvin,3,1,No,"“You are a little soul carrying about a corpse, as Epictetus used to say.” "
IR186,6/7/2016 3:48,6/7/2016 12:19,6/10/2016 2:57,Help Desk,Hyde Park,Desktop Support,Adam,2,1,No,R10 lane is frozen. Stuck on loading screen
IR187,6/20/2016 10:23,6/20/2016 15:12,6/24/2016 1:41,Retail Payments,Sunset Valley,Tax Issue,Laura,2,4,No,cash register not working
IR188,2/24/2017 20:32,2/25/2017 13:01,2/27/2017 7:19,Retail Support,Downtown,Lane Frozen,Frank,1,1,No,lane is down. The lane won't do the thingerjig
IR189,1/7/2017 9:46,1/7/2017 15:43,1/12/2017 19:13,Help Desk,Sunset Valley,Permission Request,Bob,2,2,No,apple pay not working
IR190,2/20/2017 18:07,2/20/2017 21:37,2/20/2017 23:04,Help Desk,Lamar,Desktop Support,Adam,2,3,No,apple pay register won't accept credit card
IR191,10/17/2016 15:36,10/17/2016 21:59,10/19/2016 8:14,Retail Payments,Sunset Valley,Credit Card Issue,Kelly,3,1,No,lane keeps freezing up when we try to use coupon
IR192,9/3/2016 9:16,9/3/2016 15:13,9/4/2016 22:06,Help Desk,Downtown,Permission Request,Charlie,2,1,Yes,scale broken
IR193,9/28/2016 13:10,9/28/2016 22:03,10/1/2016 12:18,Retail Support,Downtown,Scale Broken,George,2,4,No,"“Dwell on the beauty of life. Watch the stars, and see yourself running with them.” "
IR194,9/22/2016 2:29,9/22/2016 4:52,9/22/2016 17:18,Help Desk,Wells Branch,Permission Request,Diego,1,4,No,"“You have power over your mind - not outside events. Realize this, and you will find strength.” "
IR195,6/20/2016 12:23,6/21/2016 6:51,6/27/2016 1:28,Retail Support,Lamar,Lane Frozen,Irvin,2,3,No,“The happiness of your life depends upon the quality of your thoughts.” 
IR196,5/19/2016 3:21,5/19/2016 6:18,5/21/2016 18:48,Retail Support,Lamar,Coupon Not Working,Frank,1,4,No,"“Everything we hear is an opinion, not a fact. Everything we see is a perspective, not the truth.” "
IR197,12/14/2016 7:19,12/14/2016 19:31,12/16/2016 16:21,Help Desk,Downtown,Permission Request,Charlie,2,3,No,“Waste no more time arguing about what a good man should be. Be one.” 
IR198,7/11/2016 20:56,7/12/2016 17:45,7/12/2016 20:11,Help Desk,Lamar,Desktop Support,Bob,3,1,No,"“When you arise in the morning think of what a privilege it is to be alive, to think, to enjoy, to love ...” "
IR199,5/26/2016 0:59,5/26/2016 2:35,5/26/2016 11:22,Retail Payments,Lamar,Credit Card Issue,Kelly,1,3,No,"“Accept the things to which fate binds you, and love the people with whom fate brings you together,but do so with all your heart.” "
IR200,2/12/2017 13:01,2/12/2017 20:26,2/18/2017 9:24,Retail Support,Sunset Valley,Scale Broken,Frank,2,4,Yes,"“If you are distressed by anything external, the pain is not due to the thing itself, but to your estimate of it; and this you have the power to revoke at any moment.” "
IR201,1/15/2017 1:12,1/15/2017 3:15,1/15/2017 16:09,Help Desk,Hyde Park,Email,Charlie,3,3,No,“The best revenge is to be unlike him who performed the injury.” 
IR202,5/12/2016 7:37,5/12/2016 9:42,5/13/2016 15:01,Retail Support,Hyde Park,Coupon Not Working,Hannah,2,3,No,"“It is not death that a man should fear, but he should fear never beginning to live.” "
IR203,10/29/2016 8:55,10/29/2016 13:44,10/29/2016 19:22,Retail Support,Sunset Valley,Lane Frozen,Frank,2,3,No,“Our life is what our thoughts make it.” 
IR204,2/7/2017 3:51,2/7/2017 19:27,2/9/2017 16:45,Retail Support,Lamar,Scale Broken,Hannah,1,1,No,“The soul becomes dyed with the colour of its thoughts.” 
IR205,8/18/2016 17:58,8/19/2016 4:20,8/23/2016 16:48,Retail Payments,Wells Branch,Credit Card Issue,Laura,3,4,No,"“If someone is able to show me that what I think or do is not right, I will happily change, for I seek the truth, by which no one was ever truly harmed. It is the person who continues in his self-deception and ignorance who is harmed.” "
IR206,1/19/2017 21:18,1/21/2017 12:28,1/22/2017 16:30,Retail Payments,Wells Branch,Tax Issue,Laura,3,1,No,“If it is not right do not do it; if it is not true do not say it.” 
IR207,11/3/2016 0:05,11/3/2016 19:03,11/6/2016 18:55,Retail Payments,Hyde Park,Credit Card Issue,Laura,1,2,No,"“Never let the future disturb you. You will meet it, if you have to, with the same weapons of reason which today arm you against the present.” "
IR208,9/18/2016 20:39,9/19/2016 11:11,9/22/2016 5:53,Retail Support,Sunset Valley,Other,Frank,2,1,No,“Very little is needed to make a happy life; it is all within yourself in your way of thinking.” 
IR209,9/24/2016 5:44,9/24/2016 12:44,9/24/2016 15:52,Retail Payments,Downtown,Tax Issue,Joy,4,4,No,"“The object of life is not to be on the side of the majority, but to escape finding oneself in the ranks of the insane.” "
IR210,1/28/2017 3:02,1/28/2017 21:02,1/29/2017 8:05,Help Desk,Wells Branch,Desktop Support,Diego,4,3,No,"“I have often wondered how it is that every man loves himself more than all the rest of men, but yet sets less value on his own opinion of himself than on the opinion of others.” "
IR211,9/10/2016 13:20,9/10/2016 16:38,9/12/2016 7:59,Help Desk,Wells Branch,Permission Request,Bob,2,3,No,“Reject your sense of injury and the injury itself disappears.” 
IR212,3/14/2017 22:43,3/16/2017 14:37,3/18/2017 17:08,Retail Support,Sunset Valley,Other,Hannah,2,4,No,“The best revenge is not to be like your enemy.” 
IR213,6/24/2016 17:08,6/25/2016 15:36,6/27/2016 5:03,Retail Support,Wells Branch,Coupon Not Working,George,3,3,Yes,"“Whenever you are about to find fault with someone, ask yourself the following question: What fault of mine most nearly resembles the one I am about to criticize?” "
IR214,11/17/2016 17:54,11/17/2016 19:43,11/24/2016 7:10,Help Desk,Downtown,Permission Request,Diego,2,2,No,"“When another blames you or hates you, or people voice similar criticisms, go to their souls, penetrate inside and see what sort of people they are. You will realize that there is no need to be racked with anxiety that they should hold any particular opinion about you.” "
IR215,10/31/2016 8:02,11/1/2016 1:54,11/4/2016 1:18,Help Desk,Sunset Valley,Permission Request,Charlie,1,2,No,“The first rule is to keep an untroubled spirit. The second is to look things in the face and know them for what they are.” 
IR216,1/1/2017 2:22,1/1/2017 13:24,1/2/2017 5:38,Retail Payments,Lamar,Tax Issue,Joy,3,4,No,“How much more grievous are the consequences of anger than the causes of it.” 
IR217,1/3/2017 18:41,1/4/2017 22:48,1/7/2017 16:43,Retail Payments,Lamar,Tax Issue,Joy,2,2,No,"“Do not act as if you were going to live ten thousand years. Death hangs over you. While you live, while it is in your power, be good.” "
IR218,1/3/2017 23:14,1/4/2017 16:44,1/11/2017 10:23,Help Desk,Wells Branch,Email,Emily,2,1,No,"“Begin each day by telling yourself: Today I shall be meeting with interference, ingratitude, insolence, disloyalty, ill-will, and selfishness – all of them due to the offenders’ ignorance of what is good or evil.” "
IR219,12/2/2016 13:01,12/2/2016 13:57,12/6/2016 19:39,Retail Support,Lamar,Coupon Not Working,George,2,1,No,“Look well into thyself; there is a source of strength which will always spring up if thou wilt always look.” 
IR220,6/13/2016 18:30,6/14/2016 18:11,6/17/2016 15:44,Help Desk,Lamar,Email,Emily,1,1,No,"“Here is a rule to remember in future, when anything tempts you to feel bitter: not ""This is misfortune,"" but ""To bear this worthily is good fortune.” "
IR221,1/15/2017 1:17,1/15/2017 2:54,1/18/2017 9:41,Retail Payments,Lamar,Tax Issue,Joy,4,4,No,"“How much time he gains who does not look to see what his neighbour says or does or thinks, but only at what he does himself, to make it just and holy.” "
IR222,2/24/2017 7:05,2/24/2017 22:48,2/25/2017 23:52,Retail Support,Lamar,Coupon Not Working,George,2,1,No,"“You are a little soul carrying about a corpse, as Epictetus used to say.” "
IR223,4/1/2017 1:40,4/2/2017 7:58,4/6/2017 18:04,Retail Payments,Hyde Park,Tax Issue,Laura,4,2,No,R10 lane is frozen. Stuck on loading screen
IR224,10/5/2016 21:29,10/6/2016 17:55,10/14/2016 9:20,Retail Support,Lamar,Other,George,2,1,No,cash register not working
IR225,8/20/2016 17:41,8/20/2016 23:30,8/23/2016 2:02,Retail Payments,Hyde Park,Credit Card Issue,Laura,2,3,No,lane is down. The lane won't do the thingerjig
IR226,3/19/2017 23:11,3/20/2017 18:53,3/23/2017 18:20,Retail Support,Lamar,Coupon Not Working,George,2,1,No,apple pay not working
IR227,9/8/2016 18:59,9/9/2016 5:58,9/9/2016 17:47,Retail Payments,Hyde Park,Tax Issue,Laura,2,1,No,apple pay register won't accept credit card
IR228,12/5/2016 20:56,12/7/2016 16:33,12/10/2016 12:52,Help Desk,Downtown,Email,Diego,1,3,No,lane keeps freezing up when we try to use coupon
IR229,3/16/2017 5:37,3/18/2017 3:58,3/23/2017 21:43,Retail Support,Sunset Valley,Other,George,1,3,No,scale broken
IR230,6/9/2016 5:31,6/9/2016 12:10,6/9/2016 15:12,Retail Support,Downtown,Coupon Not Working,George,1,1,No,"“Dwell on the beauty of life. Watch the stars, and see yourself running with them.” "
IR231,1/29/2017 11:19,1/30/2017 13:20,2/8/2017 21:39,Help Desk,Lamar,Email,Emily,1,2,No,"“You have power over your mind - not outside events. Realize this, and you will find strength.” "
IR232,5/10/2016 19:59,5/11/2016 15:03,5/12/2016 7:14,Help Desk,Hyde Park,Desktop Support,Adam,1,2,Yes,“The happiness of your life depends upon the quality of your thoughts.” 
IR233,8/26/2016 16:57,8/27/2016 18:41,8/29/2016 9:47,Retail Payments,Lamar,Credit Card Issue,Kelly,3,4,No,"“Everything we hear is an opinion, not a fact. Everything we see is a perspective, not the truth.” "
IR234,8/2/2016 18:09,8/2/2016 19:37,8/2/2016 21:08,Retail Payments,Downtown,Tax Issue,Joy,2,3,No,“Waste no more time arguing about what a good man should be. Be one.” 
IR235,6/21/2016 17:58,6/21/2016 20:15,6/23/2016 12:09,Help Desk,Hyde Park,Permission Request,Bob,2,2,No,"“When you arise in the morning think of what a privilege it is to be alive, to think, to enjoy, to love ...” "
IR236,3/3/2017 16:49,3/3/2017 22:52,3/7/2017 3:03,Help Desk,Downtown,Desktop Support,Adam,3,4,No,"“Accept the things to which fate binds you, and love the people with whom fate brings you together,but do so with all your heart.” "
IR237,8/20/2016 15:27,8/20/2016 20:36,8/23/2016 7:42,Help Desk,Wells Branch,Desktop Support,Bob,1,1,No,"“If you are distressed by anything external, the pain is not due to the thing itself, but to your estimate of it; and this you have the power to revoke at any moment.” "
IR238,5/15/2016 3:04,5/15/2016 11:58,5/16/2016 22:11,Retail Payments,Wells Branch,Credit Card Issue,Joy,3,3,No,“The best revenge is to be unlike him who performed the injury.” 
IR239,2/19/2017 9:48,2/20/2017 13:51,2/22/2017 6:30,Help Desk,Hyde Park,Email,Adam,3,3,No,"“It is not death that a man should fear, but he should fear never beginning to live.” "
IR240,9/11/2016 14:39,9/12/2016 0:19,9/17/2016 2:14,Retail Support,Downtown,Lane Frozen,Frank,1,4,No,“Our life is what our thoughts make it.” 
IR241,7/4/2016 19:53,7/4/2016 22:58,7/10/2016 4:17,Help Desk,Downtown,Permission Request,Diego,2,2,No,“The soul becomes dyed with the colour of its thoughts.” 
IR242,2/6/2017 3:24,2/6/2017 13:47,2/7/2017 9:49,Retail Support,Hyde Park,Coupon Not Working,Hannah,2,3,No,"“If someone is able to show me that what I think or do is not right, I will happily change, for I seek the truth, by which no one was ever truly harmed. It is the person who continues in his self-deception and ignorance who is harmed.” "
IR243,11/1/2016 7:14,11/1/2016 11:23,11/5/2016 4:38,Help Desk,Lamar,Desktop Support,Adam,4,2,No,“If it is not right do not do it; if it is not true do not say it.” 
IR244,11/3/2016 1:34,11/4/2016 2:56,11/5/2016 0:03,Retail Support,Downtown,Lane Frozen,Frank,2,2,No,"“Never let the future disturb you. You will meet it, if you have to, with the same weapons of reason which today arm you against the present.” "
IR245,1/15/2017 2:03,1/15/2017 22:55,1/18/2017 5:56,Help Desk,Hyde Park,Email,Emily,3,2,No,“Very little is needed to make a happy life; it is all within yourself in your way of thinking.” 
IR246,9/20/2016 20:40,9/21/2016 5:01,9/23/2016 12:40,Retail Support,Hyde Park,Other,George,2,3,No,"“The object of life is not to be on the side of the majority, but to escape finding oneself in the ranks of the insane.” "
IR247,5/15/2016 21:06,5/16/2016 20:57,5/21/2016 2:39,Retail Payments,Hyde Park,Tax Issue,Laura,2,4,No,"“I have often wondered how it is that every man loves himself more than all the rest of men, but yet sets less value on his own opinion of himself than on the opinion of others.” "
IR248,8/24/2016 10:16,8/26/2016 2:57,8/29/2016 6:27,Retail Payments,Sunset Valley,Tax Issue,Joy,2,1,No,“Reject your sense of injury and the injury itself disappears.” 
IR249,1/30/2017 17:53,1/31/2017 7:29,2/6/2017 9:02,Help Desk,Hyde Park,Desktop Support,Charlie,1,4,No,“The best revenge is not to be like your enemy.” 
IR250,7/27/2016 20:53,7/29/2016 0:50,7/29/2016 20:04,Help Desk,Sunset Valley,Email,Bob,3,3,No,"“Whenever you are about to find fault with someone, ask yourself the following question: What fault of mine most nearly resembles the one I am about to criticize?” "
IR251,12/6/2016 17:12,12/7/2016 13:45,12/10/2016 8:52,Retail Payments,Lamar,Tax Issue,Joy,3,1,No,"“When another blames you or hates you, or people voice similar criticisms, go to their souls, penetrate inside and see what sort of people they are. You will realize that there is no need to be racked with anxiety that they should hold any particular opinion about you.” "
IR252,8/26/2016 22:31,8/27/2016 10:24,8/27/2016 22:53,Retail Support,Sunset Valley,Coupon Not Working,George,2,1,No,“The first rule is to keep an untroubled spirit. The second is to look things in the face and know them for what they are.” 
IR253,2/26/2017 0:32,2/27/2017 19:38,3/5/2017 17:07,Retail Payments,Wells Branch,Tax Issue,Joy,2,4,No,“How much more grievous are the consequences of anger than the causes of it.” 
IR254,6/10/2016 6:05,6/10/2016 11:06,6/18/2016 8:08,Retail Support,Sunset Valley,Coupon Not Working,Irvin,2,2,Yes,"“Do not act as if you were going to live ten thousand years. Death hangs over you. While you live, while it is in your power, be good.” "
IR255,12/19/2016 0:26,12/19/2016 7:16,12/20/2016 5:51,Retail Payments,Wells Branch,Tax Issue,Kelly,1,1,No,"“Begin each day by telling yourself: Today I shall be meeting with interference, ingratitude, insolence, disloyalty, ill-will, and selfishness – all of them due to the offenders’ ignorance of what is good or evil.” "
IR256,5/9/2016 18:32,5/10/2016 4:39,5/10/2016 21:17,Retail Support,Downtown,Scale Broken,Hannah,2,3,No,“Look well into thyself; there is a source of strength which will always spring up if thou wilt always look.” 
IR257,10/30/2016 9:41,10/31/2016 3:55,11/4/2016 22:11,Retail Support,Hyde Park,Lane Frozen,Frank,2,1,No,"“Here is a rule to remember in future, when anything tempts you to feel bitter: not ""This is misfortune,"" but ""To bear this worthily is good fortune.” "
IR258,3/7/2017 13:37,3/8/2017 9:26,3/10/2017 16:00,Retail Support,Lamar,Lane Frozen,George,2,3,No,"“How much time he gains who does not look to see what his neighbour says or does or thinks, but only at what he does himself, to make it just and holy.” "
IR259,10/8/2016 13:42,10/9/2016 11:03,10/11/2016 10:23,Retail Payments,Wells Branch,Tax Issue,Laura,1,2,No,"“You are a little soul carrying about a corpse, as Epictetus used to say.” "
IR260,2/16/2017 8:03,2/16/2017 9:56,2/19/2017 7:43,Retail Support,Sunset Valley,Lane Frozen,Frank,2,4,No,R10 lane is frozen. Stuck on loading screen
IR261,11/3/2016 23:39,11/4/2016 1:50,11/4/2016 12:29,Retail Payments,Downtown,Tax Issue,Laura,3,1,No,cash register not working
IR262,9/23/2016 21:08,9/24/2016 15:53,9/30/2016 22:43,Retail Support,Lamar,Lane Frozen,Irvin,2,1,No,lane is down. The lane won't do the thingerjig
IR263,10/11/2016 10:09,10/12/2016 6:10,10/14/2016 20:18,Retail Payments,Downtown,Tax Issue,Kelly,2,3,Yes,apple pay not working
IR264,10/14/2016 15:10,10/15/2016 12:08,10/18/2016 16:31,Retail Support,Downtown,Coupon Not Working,Hannah,3,4,No,apple pay register won't accept credit card
IR265,10/22/2016 11:47,10/24/2016 8:58,10/24/2016 14:29,Help Desk,Lamar,Email,Emily,2,1,No,lane keeps freezing up when we try to use coupon
IR266,5/13/2016 17:50,5/14/2016 8:50,5/15/2016 8:56,Retail Payments,Downtown,Tax Issue,Joy,2,3,No,scale broken
IR267,10/15/2016 3:08,10/16/2016 0:22,10/18/2016 5:25,Help Desk,Downtown,Desktop Support,Diego,2,2,No,"“Dwell on the beauty of life. Watch the stars, and see yourself running with them.” "
IR268,2/25/2017 1:20,2/25/2017 7:34,2/26/2017 16:31,Retail Payments,Hyde Park,Tax Issue,Laura,2,4,No,"“You have power over your mind - not outside events. Realize this, and you will find strength.” "
IR269,9/19/2016 1:18,9/19/2016 5:39,9/20/2016 14:31,Retail Support,Hyde Park,Lane Frozen,George,1,4,No,“The happiness of your life depends upon the quality of your thoughts.” 
IR270,6/4/2016 9:02,6/6/2016 0:34,6/7/2016 5:21,Help Desk,Hyde Park,Permission Request,Diego,2,4,No,"“Everything we hear is an opinion, not a fact. Everything we see is a perspective, not the truth.” "
IR271,5/13/2016 17:43,5/14/2016 5:57,5/14/2016 23:07,Help Desk,Downtown,Permission Request,Diego,2,4,No,“Waste no more time arguing about what a good man should be. Be one.” 
IR272,1/9/2017 2:11,1/9/2017 12:58,1/10/2017 23:55,Help Desk,Wells Branch,Desktop Support,Bob,2,1,No,"“When you arise in the morning think of what a privilege it is to be alive, to think, to enjoy, to love ...” "
IR273,2/2/2017 6:23,2/3/2017 6:20,2/4/2017 7:56,Retail Support,Wells Branch,Scale Broken,George,2,1,No,"“Accept the things to which fate binds you, and love the people with whom fate brings you together,but do so with all your heart.” "
IR274,7/13/2016 4:06,7/14/2016 10:33,7/14/2016 17:05,Help Desk,Sunset Valley,Email,Adam,3,2,No,"“If you are distressed by anything external, the pain is not due to the thing itself, but to your estimate of it; and this you have the power to revoke at any moment.” "
IR275,6/23/2016 19:55,6/25/2016 13:03,6/27/2016 11:08,Help Desk,Downtown,Permission Request,Diego,2,1,No,“The best revenge is to be unlike him who performed the injury.” 
IR276,3/2/2017 16:14,3/3/2017 6:57,3/9/2017 8:20,Retail Payments,Downtown,Credit Card Issue,Joy,2,2,No,"“It is not death that a man should fear, but he should fear never beginning to live.” "
IR277,1/25/2017 13:33,1/27/2017 12:13,2/2/2017 4:33,Help Desk,Wells Branch,Email,Charlie,2,1,No,“Our life is what our thoughts make it.” 
IR278,1/20/2017 21:34,1/20/2017 22:32,1/22/2017 0:39,Retail Payments,Hyde Park,Credit Card Issue,Joy,1,2,No,“The soul becomes dyed with the colour of its thoughts.” 
IR279,5/15/2016 13:26,5/16/2016 18:17,5/17/2016 4:14,Retail Support,Downtown,Scale Broken,Hannah,4,3,No,"“If someone is able to show me that what I think or do is not right, I will happily change, for I seek the truth, by which no one was ever truly harmed. It is the person who continues in his self-deception and ignorance who is harmed.” "
IR280,1/26/2017 4:22,1/26/2017 11:33,2/3/2017 9:31,Retail Support,Hyde Park,Other,Frank,3,3,Yes,“If it is not right do not do it; if it is not true do not say it.” 
IR281,9/13/2016 3:38,9/13/2016 11:37,9/14/2016 4:13,Retail Payments,Hyde Park,Credit Card Issue,Joy,3,1,No,"“Never let the future disturb you. You will meet it, if you have to, with the same weapons of reason which today arm you against the present.” "
IR282,7/20/2016 22:57,7/21/2016 7:50,7/24/2016 7:36,Help Desk,Sunset Valley,Permission Request,Emily,2,2,No,“Very little is needed to make a happy life; it is all within yourself in your way of thinking.” 
IR283,2/12/2017 19:01,2/13/2017 7:58,2/16/2017 23:51,Retail Support,Hyde Park,Lane Frozen,Hannah,2,1,No,"“The object of life is not to be on the side of the majority, but to escape finding oneself in the ranks of the insane.” "
IR284,2/3/2017 20:32,2/4/2017 3:41,2/6/2017 23:29,Retail Payments,Lamar,Tax Issue,Kelly,2,1,No,"“I have often wondered how it is that every man loves himself more than all the rest of men, but yet sets less value on his own opinion of himself than on the opinion of others.” "
IR285,9/16/2016 20:29,9/17/2016 1:02,9/17/2016 12:37,Help Desk,Wells Branch,Email,Charlie,3,2,No,“Reject your sense of injury and the injury itself disappears.” 
IR286,5/7/2016 0:26,5/7/2016 5:20,5/9/2016 18:40,Retail Support,Sunset Valley,Scale Broken,George,1,2,No,“The best revenge is not to be like your enemy.” 
IR287,12/27/2016 1:46,12/28/2016 21:23,12/30/2016 2:51,Help Desk,Downtown,Desktop Support,Diego,2,1,No,"“Whenever you are about to find fault with someone, ask yourself the following question: What fault of mine most nearly resembles the one I am about to criticize?” "
IR288,6/23/2016 4:41,6/24/2016 4:17,6/25/2016 0:56,Help Desk,Wells Branch,Permission Request,Emily,3,3,No,"“When another blames you or hates you, or people voice similar criticisms, go to their souls, penetrate inside and see what sort of people they are. You will realize that there is no need to be racked with anxiety that they should hold any particular opinion about you.” "
IR289,3/21/2017 7:39,3/21/2017 18:43,3/22/2017 3:22,Retail Support,Lamar,Lane Frozen,Frank,2,1,No,“The first rule is to keep an untroubled spirit. The second is to look things in the face and know them for what they are.” 
IR290,7/27/2016 8:17,7/28/2016 7:09,8/4/2016 22:38,Retail Support,Wells Branch,Other,Frank,3,1,No,“How much more grievous are the consequences of anger than the causes of it.” 
IR291,8/22/2016 7:21,8/23/2016 6:31,8/27/2016 2:02,Retail Support,Downtown,Other,Frank,2,3,Yes,"“Do not act as if you were going to live ten thousand years. Death hangs over you. While you live, while it is in your power, be good.” "
IR292,9/3/2016 1:22,9/3/2016 14:54,9/6/2016 1:13,Retail Payments,Downtown,Tax Issue,Kelly,3,2,No,"“Begin each day by telling yourself: Today I shall be meeting with interference, ingratitude, insolence, disloyalty, ill-will, and selfishness – all of them due to the offenders’ ignorance of what is good or evil.” "
IR293,11/18/2016 10:34,11/19/2016 8:58,11/20/2016 21:07,Retail Payments,Hyde Park,Credit Card Issue,Laura,3,3,No,“Look well into thyself; there is a source of strength which will always spring up if thou wilt always look.” 
IR294,6/23/2016 5:56,6/24/2016 23:56,6/25/2016 2:04,Retail Support,Sunset Valley,Lane Frozen,Frank,2,2,No,"“Here is a rule to remember in future, when anything tempts you to feel bitter: not ""This is misfortune,"" but ""To bear this worthily is good fortune.” "
IR295,9/14/2016 23:29,9/15/2016 0:53,9/15/2016 4:16,Retail Payments,Lamar,Tax Issue,Laura,3,4,No,"“How much time he gains who does not look to see what his neighbour says or does or thinks, but only at what he does himself, to make it just and holy.” "
IR296,12/16/2016 23:15,12/17/2016 6:30,12/20/2016 9:48,Help Desk,Wells Branch,Desktop Support,Diego,1,1,No,"“You are a little soul carrying about a corpse, as Epictetus used to say.” "
IR297,10/23/2016 13:53,10/24/2016 10:16,10/25/2016 1:04,Help Desk,Lamar,Permission Request,Adam,1,3,No,R10 lane is frozen. Stuck on loading screen
IR298,2/17/2017 6:18,2/17/2017 9:27,2/21/2017 13:07,Retail Payments,Sunset Valley,Tax Issue,Joy,1,1,Yes,cash register not working
IR299,10/22/2016 19:04,10/24/2016 8:00,10/29/2016 15:12,Retail Payments,Hyde Park,Tax Issue,Joy,2,3,No,lane is down. The lane won't do the thingerjig
IR300,7/23/2016 8:52,7/25/2016 8:01,7/25/2016 22:58,Retail Payments,Hyde Park,Tax Issue,Kelly,3,3,Yes,apple pay not working
